PSRN,Chamber No
H0002,D-114
H0004,B-101
H0005,E-203
H0006,H-026
H0008,B-224
H0009,H-137
H0010,A-116
H0011,A-020
H0013,A-220
H0014,D-201
H0015,A-201
H0017,D-121
H0022,H-103
H0025,E-103
H0031,D-203
H0046,B-117
H0048,H-119
H0053,E-201
H0068,A-118
H0071,D-117
H0078,A-203
H0079,B-206
H0089,D-107
H0090,B-120
H0091,A-105
H0092,H-215
H0093,E-116
H0095,A-216
H0101,K-133
H0103,H-025
H0104,A-206
H0114,H-018
H0117,H-020
H0118,A-119
H0125,H-029
H0127,B-226
H0131,B-121
H0136,A-219
H0140,H-028
H0141,B-107
H0145,A-004
H0146,H-203
H0148,K-215
H0149,H-229
H0161,E-101
H0162,D-105
H0166,E-119
H0177,E-108
H0184,B-119
H0190,B-219
H0202,A-001
H0205,H-132
H0207,H-003
H0208,H-121
H0216,D-106
H0218,A-005
H0220,D-217
H0226,D-207
H0228,A-101
H0230,E-114
H0235,A-217
H0245,D-101
H0250,A-207
H0263,D-215
H0283,H-231
H0284,K-211
H0285,D-222
H0287,K-105
H0289,H-127
H0290,H-213
H0292,E-109
H0296,K-129
H0305,A-202/2
H0313,B-104
H0317,A-120
H0318,B-103
H0319,H-206
H0322,A-103
H0324,A-205
H0327,B-112
H0329,H-207
H0330,D-220
H0333,A-204
H0344,E-215
H0354,H-021
H0355,K-221
H0356,A-214
H0357,A-104
H0360,K-216
H0375,E-120
H0377,A-006
H0378,H-031
H0380,B-217
H0384,H-023
H0388,D-301
H0397,A-016
H0406,A-015
H0410,H-017
H0411,E-118
H0416,A-003
H0417,H-208
H0423,K-127
H0424,H-202
H0429,K-201
H0431,E-105
H0437,C-302
H0438,K-207
H0461,E-216
H0469,H-205
H0470,E-205
H0471,D-119
H0473,H-022
H0475,H-237
H0476,D-118
H0477,D-221
H0481,D-325
H0483,E-102
H0486,E-107
H0488,H-239
H0490,E-207
H0498,E-214
H0499,H-002
H0500,K-118
H0502,E-106
H0503,H-233
H0516,K-229
H0518,H-212
H0520,H-217
H0528,K-213
H0529,H-125
H0535,H-219
H0537,E-217
H0538,K-223
H0547,H-124
H0549,K-230
H0550,H-136
H0557,K-212
H0558,K-206
H0561,K-126
H0564,B-209
H0565,B-225
H0566,K-108
H0568,K-130
H0573,H-214
H0576,B-220
H0579,A-202/1
H0580,D-120
H0581,A-115/A
H0583,B-210
H0593,A-218
H0595,H-228
H0598,B-205
H0602,B-202
H0604,H-004
H0605,H-235
H0606,D-204
H0607,H-134
H0608,B-204
H0609,B-208
H0613,D-223
H0618,B-203
H0620,K-107
H0622,H-109
H0623,D-218
H0624,H-211
H0631,H-027
H0632,H-234
H0633,H-226
H0636,B-201
H0638,H-232
H0640,H-128
H0641,H-032
H0648,H-225
H0649,K-109
H0650,H-129
H0657,E-104
H0658,E-213/B
H0659,D-327
H0660,K-208
H0661,H-227
H0662,K-110
H0666,B-116
H0669,H-104
H0670,H-210
H0672,B-221
H0674,I-001
H0676,E-218
H0678,I-003
H0680,I-004
H0682,K-205
H0687,K-204
H0688,I-002
H0689,H-116
H0698,D-308
H0699,H-126
H0700,H-131
H0702,H-236
H0703,H-240
H0704,D-219
H0709,I-005
H0710,D-310
H0711,D-309
H0712,I-006
H0713,D-213
H0718,H-218
H0719,H-133
H0726,H-111
H0729,B-115
H0731,H-204
H0736,B-207
H0748,I-201
H0749,I-007
H0750,H-123
H0751,A-106
H0752,C-209
H0753,I-202
H0754,D-307
H0755,I-008
H0759,H-113
H0760,D-216
H0761,D-104
H0763,D-305
H0764,I-203
H0766,I-016
H0767,I-017
H0768,I-018
H0769,D-319
H0770,H-130
H0771,D-206
H0772,A-114
H0773,K-132
H0774,D-322
H0775,E-117
H0776,D-116
H0778,B-114
H0783,H-024
H0785,B-106
H0787,A-107
H0790,D-321
H0794,B-222
H0797,H-230
H0808,H-201
H0812,K-128
H0814,C-211
H0817,K-214
H0820,C-210
H0822,I-220
H0823,H-107
H0824,C-230
H0825,B-105
H0826,H-108
H0827,H-110
H0828,D-304
H0831,H-112
