H0772,14-05-22,29-05-22
41320200404,06-05-22,24-05-22
41320200414,06-05-22,24-05-22
41320210001,16-05-22,19-05-22
H0004,17-05-22,18-05-22
41320200004,10-05-22,26-05-22
41320190402,13-05-22,17-05-22
41320210003,16-05-22,18-05-22
41320210401,12-05-22,21-05-22
41320210007,10-05-22,13-05-22
H0606,18-05-22,21-05-22
H0226,07-05-22,15-05-22
H0380,10-05-22,20-05-22
H0127,08-05-22,29-05-22
H0131,21-05-22,24-05-22
H0318,02-05-22,09-05-22
H0090,12-05-22,15-05-22
41320190410,06-05-22,17-05-22
H0729,07-05-22,23-05-22
41320190012,01-05-22,01-06-22
H0477,10-05-22,21-05-22
H0476,14-05-22,24-05-22
41320190415,17-05-22,19-05-22
H0089,21-05-22,24-05-22
41320180015,13-05-22,17-05-22
41320190055,08-05-22,19-05-22
H0216,20-05-22,24-05-22
H0823,06-05-22,09-05-22
H0817,09-05-22,11-05-22
41320210436,06-05-22,07-05-22
41320210436,17-05-22,18-05-22
H0632,21-05-22,24-05-22
41320170014,01-05-22,01-06-22
H0638,23-05-22,24-05-22
41320200026,01-05-22,11-05-22
H0797,04-05-22,24-05-22
41320190030,06-05-22,23-05-22
41320210033,16-04-22,31-05-22
H0573,06-05-22,24-05-22
H0595,14-05-22,15-05-22
41320170438,14-05-22,15-05-22
41320200034,18-05-22,22-05-22
41320200034,18-05-22,22-05-22
H0812,06-05-22,07-05-22
41320200060,08-05-22,29-05-22
41320210043,11-05-22,12-05-22
41320180029,30-04-22,18-05-22
41320210424,11-05-22,12-05-22
41320210064,11-05-22,12-05-22
41320210040,09-05-22,12-05-22
41320190036,20-05-22,22-05-22
41320200035,09-05-22,13-05-22
41320180442,06-05-22,10-05-22
41320210039,09-05-22,10-05-22
41320200052,06-05-22,13-05-22
41320190040,12-05-22,16-05-22
H0375,13-05-22,19-04-22
H0754,15-05-22,23-05-22
H0166,10-05-22,11-05-22
41320200045,14-05-22,30-05-22
41320190443,04-05-22,07-05-22
H0161,16-05-22,22-05-22
41320210048,06-05-22,24-05-22
41320190441,04-05-22,15-05-22
41320200460,09-05-22,21-05-22
41320200041,01-05-22,01-06-22
41320200470,14-05-22,31-05-22
41320180043,05-05-22,01-06-22
41320200413,18-05-22,19-05-22
H0636,14-05-22,15-05-22
41320210060,06-05-22,07-05-22
H0095,12-05-22,19-05-22
H0136,12-05-22,19-05-22
41320210062,19-05-22,01-06-22
41320210061,13-05-22,29-05-22
41320200054,01-05-22,01-06-22
41320170438,14-05-22,15-05-22
41320170413,12-05-22,13-05-22
41320170413,19-05-22,20-05-22
41320200411,12-05-22,13-05-22
41320200411,19-05-22,20-05-22
41320190004,09-05-22,10-05-22
41320190004,16-05-22,17-05-22
41320190004,23-05-22,24-05-22
41320180464,06-05-22,07-05-22
41320180464,13-05-22,14-05-22
41320180464,20-05-22,21-05-22
41320180004,07-05-22,08-05-22
41320180004,14-05-22,15-05-22
41320180004,21-05-22,22-05-22
41320200009,09-05-22,10-05-22
41320200009,16-05-22,17-05-22
41320200009,23-05-22,24-05-22
H0576,09-05-22,10-05-22
H0576,16-05-22,17-05-22
H0576,23-05-22,24-05-22
41320200407,11-05-22,12-05-22
41320200407,18-05-22,19-05-22
H0752,11-05-22,12-05-22
H0752,18-05-22,19-05-22
41320180001,06-05-22,07-05-22
41320180001,13-05-22,14-05-22
41320180001,20-05-22,21-05-22
41320200008,06-05-22,07-05-22
41320200008,13-05-22,14-05-22
41320200008,20-05-22,21-05-22
41320200007,10-05-22,11-05-22
41320200007,17-05-22,18-05-22
H0772,09-05-22,10-05-22
H0772,16-05-22,17-05-22
H0772,23-05-22,24-05-22
H0772,11-05-22,12-05-22
H0772,18-05-22,19-05-22
H0772,06-05-22,07-05-22
H0772,13-05-22,14-05-22
H0772,20-05-22,21-05-22
H0593,09-05-22,10-05-22
H0593,16-05-22,17-05-22
H0593,23-05-22,24-05-22
H0593,11-05-22,12-05-22
H0593,18-05-22,19-05-22
H0593,06-05-22,07-05-22
H0593,13-05-22,14-05-22
H0593,20-05-22,21-05-22
H0581,09-05-22,10-05-22
H0581,16-05-22,17-05-22
H0581,23-05-22,24-05-22
H0581,11-05-22,12-05-22
H0581,18-05-22,19-05-22
H0581,06-05-22,07-05-22
H0581,13-05-22,14-05-22
H0581,20-05-22,21-05-22
H0322,09-05-22,10-05-22
H0322,16-05-22,17-05-22
H0322,23-05-22,24-05-22
H0322,11-05-22,12-05-22
H0322,18-05-22,19-05-22
H0322,06-05-22,07-05-22
H0322,13-05-22,14-05-22
H0322,20-05-22,21-05-22
H0593,10-05-22,11-05-22
H0593,17-05-22,18-05-22
H0565,10-05-22,11-05-22
H0565,17-05-22,18-05-22
H0079,12-05-22,13-05-22
H0079,19-05-22,20-05-22
H0581,12-05-22,13-05-22
H0581,19-05-22,20-05-22
H0357,12-05-22,13-05-22
H0357,19-05-22,20-05-22
H0751,12-05-22,13-05-22
H0751,19-05-22,20-05-22
H0751,07-05-22,08-05-22
H0751,14-05-22,15-05-22
H0751,21-05-22,22-05-22
H0471,07-05-22,08-05-22
H0471,14-05-22,15-05-22
H0471,21-05-22,22-05-22
H0375,10-05-22,11-05-22
H0375,17-05-22,18-05-22
41320160111,09-05-22,10-05-22
41320160111,16-05-22,17-05-22
41320160111,23-05-22,24-05-22
41320180414,09-05-22,10-05-22
41320180414,16-05-22,17-05-22
41320180414,23-05-22,24-05-22
H0776,11-05-22,12-05-22
H0776,18-05-22,19-05-22
41320210410,11-05-22,12-05-22
41320210410,18-05-22,19-05-22
41320170426,06-05-22,07-05-22
41320170426,13-05-22,14-05-22
41320170426,20-05-22,21-05-22
41320170007,06-05-22,07-05-22
41320170007,13-05-22,14-05-22
41320170007,20-05-22,21-05-22
41320210047,06-05-22,07-05-22
41320210047,13-05-22,14-05-22
41320210047,20-05-22,21-05-22
H0775,06-05-22,07-05-22
H0775,13-05-22,14-05-22
H0775,20-05-22,21-05-22
41320170435,06-05-22,07-05-22
41320170435,13-05-22,14-05-22
41320170435,20-05-22,21-05-22
41320200465,12-05-22,13-05-22
41320200465,19-05-22,20-05-22
41320200056,12-05-22,13-05-22
41320200056,19-05-22,20-05-22
41320210051,12-05-22,13-05-22
41320210051,19-05-22,20-05-22
H0657,07-05-22,08-05-22
H0657,14-05-22,15-05-22
H0657,21-05-22,22-05-22
41320210439,07-05-22,08-05-22
41320210439,14-05-22,15-05-22
41320210439,21-05-22,22-05-22
41320210047,07-05-22,08-05-22
41320210047,14-05-22,15-05-22
41320210047,21-05-22,22-05-22
41320170406,09-05-22,10-05-22
41320170406,16-05-22,17-05-22
41320170406,23-05-22,24-05-22
41320200465,09-05-22,10-05-22
41320200465,16-05-22,17-05-22
41320200465,23-05-22,24-05-22
41320170435,09-05-22,10-05-22
41320170435,16-05-22,17-05-22
41320170435,23-05-22,24-05-22
41320210439,11-05-22,12-05-22
41320210439,18-05-22,19-05-22
41320210045,11-05-22,12-05-22
41320210045,18-05-22,19-05-22
41320190462,11-05-22,12-05-22
41320190462,18-05-22,19-05-22
H0216,06-05-22,07-05-22
H0216,13-05-22,14-05-22
H0216,20-05-22,21-05-22
H0071,06-05-22,07-05-22
H0071,13-05-22,14-05-22
H0071,20-05-22,21-05-22
41320180416,06-05-22,07-05-22
41320180416,13-05-22,14-05-22
41320180416,20-05-22,21-05-22
H0375,06-05-22,07-05-22
H0375,13-05-22,14-05-22
H0375,20-05-22,21-05-22
H0657,06-05-22,07-05-22
H0657,13-05-22,14-05-22
H0657,20-05-22,21-05-22
41320180449,06-05-22,07-05-22
41320180449,13-05-22,14-05-22
41320180449,20-05-22,21-05-22
41320190462,06-05-22,07-05-22
41320190462,13-05-22,14-05-22
41320190462,20-05-22,21-05-22
H0220,09-05-22,10-05-22
H0220,16-05-22,17-05-22
H0220,23-05-22,24-05-22
H0220,11-05-22,12-05-22
H0220,18-05-22,19-05-22
H0220,06-05-22,07-05-22
H0220,13-05-22,14-05-22
H0220,20-05-22,21-05-22
H0763,09-05-22,10-05-22
H0763,16-05-22,17-05-22
H0763,23-05-22,24-05-22
H0763,11-05-22,12-05-22
H0763,18-05-22,19-05-22
H0763,06-05-22,07-05-22
H0763,13-05-22,14-05-22
H0763,20-05-22,21-05-22
H0769,09-05-22,10-05-22
H0769,16-05-22,17-05-22
H0769,23-05-22,24-05-22
H0769,11-05-22,12-05-22
H0769,18-05-22,19-05-22
H0769,06-05-22,07-05-22
H0769,13-05-22,14-05-22
H0769,20-05-22,21-05-22
H0498,09-05-22,10-05-22
H0498,16-05-22,17-05-22
H0498,23-05-22,24-05-22
H0498,11-05-22,12-05-22
H0498,18-05-22,19-05-22
H0498,06-05-22,07-05-22
H0498,13-05-22,14-05-22
H0498,20-05-22,21-05-22
41320190409,10-05-22,11-05-22
41320190409,17-05-22,18-05-22
H0220,10-05-22,11-05-22
H0220,17-05-22,18-05-22
H0763,10-05-22,11-05-22
H0763,17-05-22,18-05-22
H0769,10-05-22,11-05-22
H0769,17-05-22,18-05-22
41320210011,10-05-22,11-05-22
41320210011,17-05-22,18-05-22
H0498,10-05-22,11-05-22
H0498,17-05-22,18-05-22
H0498,12-05-22,13-05-22
H0498,19-05-22,20-05-22
41320190445,10-05-22,11-05-22
41320190445,17-05-22,18-05-22
41320190445,12-05-22,13-05-22
41320190445,19-05-22,20-05-22
H0828,09-05-22,10-05-22
H0828,16-05-22,17-05-22
H0828,23-05-22,24-05-22
H0828,11-05-22,12-05-22
H0828,18-05-22,19-05-22
41320200040,09-05-22,10-05-22
41320200040,16-05-22,17-05-22
41320200040,23-05-22,24-05-22
41320200040,11-05-22,12-05-22
41320200040,18-05-22,19-05-22
H0828,10-05-22,11-05-22
H0828,17-05-22,18-05-22
H0828,12-05-22,13-05-22
H0828,19-05-22,20-05-22
H0838,09-05-22,10-05-22
H0838,16-05-22,17-05-22
H0838,23-05-22,24-05-22
H0838,11-05-22,12-05-22
H0838,18-05-22,19-05-22
41320170406,09-05-22,10-05-22
41320170406,16-05-22,17-05-22
41320170406,23-05-22,24-05-22
41320170406,11-05-22,12-05-22
41320170406,18-05-22,19-05-22
H0838,10-05-22,11-05-22
H0838,17-05-22,18-05-22
H0838,12-05-22,13-05-22
H0838,19-05-22,20-05-22
H0649,10-05-22,11-05-22
H0649,17-05-22,18-05-22
H0649,12-05-22,13-05-22
H0649,19-05-22,20-05-22
H0662,10-05-22,11-05-22
H0662,17-05-22,18-05-22
H0662,12-05-22,13-05-22
H0662,19-05-22,20-05-22
H0662,09-05-22,10-05-22
H0662,16-05-22,17-05-22
H0662,23-05-22,24-05-22
H0662,11-05-22,12-05-22
H0662,18-05-22,19-05-22
H0773,10-05-22,11-05-22
H0773,17-05-22,18-05-22
H0773,12-05-22,13-05-22
H0773,19-05-22,20-05-22
H0709,10-05-22,11-05-22
H0709,17-05-22,18-05-22
H0709,12-05-22,13-05-22
H0709,19-05-22,20-05-22
H0709,07-05-22,08-05-22
H0709,14-05-22,15-05-22
H0709,21-05-22,22-05-22
H0768,09-05-22,10-05-22
H0768,16-05-22,17-05-22
H0768,23-05-22,24-05-22
H0768,11-05-22,12-05-22
H0768,18-05-22,19-05-22
H0768,06-05-22,07-05-22
H0768,13-05-22,14-05-22
H0768,20-05-22,21-05-22
41320200455,10-05-22,11-05-22
41320200455,17-05-22,18-05-22
H0768,10-05-22,11-05-22
H0768,17-05-22,18-05-22
41320200015,10-05-22,11-05-22
41320200015,17-05-22,18-05-22
H0127,10-05-22,11-05-22
H0127,17-05-22,18-05-22
H0785,11-05-22,12-05-22
H0785,18-05-22,19-05-22
41320190411,11-05-22,12-05-22
41320190411,18-05-22,19-05-22
41320200426,06-05-22,07-05-22
41320200426,13-05-22,14-05-22
41320200426,20-05-22,21-05-22
H0313,06-05-22,07-05-22
H0313,13-05-22,14-05-22
H0313,20-05-22,21-05-22
H0672,11-05-22,12-05-22
H0672,18-05-22,19-05-22
41320190054,11-05-22,12-05-22
41320190054,18-05-22,19-05-22
H0190,09-05-22,10-05-22
H0190,16-05-22,17-05-22
H0190,23-05-22,24-05-22
41320200476,09-05-22,10-05-22
41320200476,16-05-22,17-05-22
41320200476,23-05-22,24-05-22
H0131,06-05-22,07-05-22
H0131,13-05-22,14-05-22
H0131,20-05-22,21-05-22
41320200427,06-05-22,07-05-22
41320200427,13-05-22,14-05-22
41320200427,20-05-22,21-05-22
H0090,10-05-22,11-05-22
H0090,17-05-22,18-05-22
41320190015,10-05-22,11-05-22
41320190015,17-05-22,18-05-22
H0778,12-05-22,13-05-22
H0778,19-05-22,20-05-22
41320200425,12-05-22,13-05-22
41320200425,19-05-22,20-05-22
H0794,07-05-22,08-05-22
H0794,14-05-22,15-05-22
H0794,21-05-22,22-05-22
41320210012,07-05-22,08-05-22
41320210012,14-05-22,15-05-22
41320210012,21-05-22,22-05-22
H0090,09-05-22,10-05-22
H0090,16-05-22,17-05-22
H0090,23-05-22,24-05-22
H0090,11-05-22,12-05-22
H0090,18-05-22,19-05-22
H0090,06-05-22,07-05-22
H0090,13-05-22,14-05-22
H0090,20-05-22,21-05-22
H0666,09-05-22,10-05-22
H0666,16-05-22,17-05-22
H0666,23-05-22,24-05-22
H0666,11-05-22,12-05-22
H0666,18-05-22,19-05-22
H0666,06-05-22,07-05-22
H0666,13-05-22,14-05-22
H0666,20-05-22,21-05-22
H0602,09-05-22,10-05-22
H0602,16-05-22,17-05-22
H0602,23-05-22,24-05-22
H0602,11-05-22,12-05-22
H0602,18-05-22,19-05-22
H0602,06-05-22,07-05-22
H0602,13-05-22,14-05-22
H0602,20-05-22,21-05-22
H0318,09-05-22,10-05-22
H0318,16-05-22,17-05-22
H0318,23-05-22,24-05-22
H0318,11-05-22,12-05-22
H0318,18-05-22,19-05-22
H0318,06-05-22,07-05-22
H0318,13-05-22,14-05-22
H0318,20-05-22,21-05-22
41320210014,10-05-22,11-05-22
41320210014,17-05-22,18-05-22
41320210014,12-05-22,13-05-22
41320210014,19-05-22,20-05-22
H0090,12-05-22,13-05-22
H0090,19-05-22,20-05-22
41320210015,10-05-22,11-05-22
41320210015,17-05-22,18-05-22
41320210015,12-05-22,13-05-22
41320210015,19-05-22,20-05-22
H0666,10-05-22,11-05-22
H0666,17-05-22,18-05-22
H0666,12-05-22,13-05-22
H0666,19-05-22,20-05-22
H0380,10-05-22,11-05-22
H0380,17-05-22,18-05-22
H0380,12-05-22,13-05-22
H0380,19-05-22,20-05-22
41320210016,10-05-22,11-05-22
41320210016,17-05-22,18-05-22
41320210016,12-05-22,13-05-22
41320210016,19-05-22,20-05-22
H0602,10-05-22,11-05-22
H0602,17-05-22,18-05-22
H0602,12-05-22,13-05-22
H0602,19-05-22,20-05-22
H0318,10-05-22,11-05-22
H0318,17-05-22,18-05-22
H0318,12-05-22,13-05-22
H0318,19-05-22,20-05-22
H0836,10-05-22,11-05-22
H0836,17-05-22,18-05-22
H0836,12-05-22,13-05-22
H0836,19-05-22,20-05-22
H0190,10-05-22,11-05-22
H0190,17-05-22,18-05-22
H0190,12-05-22,13-05-22
H0190,19-05-22,20-05-22
H0672,10-05-22,11-05-22
H0672,17-05-22,18-05-22
H0672,12-05-22,13-05-22
H0672,19-05-22,20-05-22
H0759,10-05-22,11-05-22
H0759,17-05-22,18-05-22
H0759,12-05-22,13-05-22
H0759,19-05-22,20-05-22
H0759,07-05-22,08-05-22
H0759,14-05-22,15-05-22
H0759,21-05-22,22-05-22
H0607,10-05-22,11-05-22
H0607,17-05-22,18-05-22
H0607,12-05-22,13-05-22
H0607,19-05-22,20-05-22
H0607,07-05-22,08-05-22
H0607,14-05-22,15-05-22
H0607,21-05-22,22-05-22
H0759,09-05-22,10-05-22
H0759,16-05-22,17-05-22
H0759,23-05-22,24-05-22
41320210414,09-05-22,10-05-22
41320210414,16-05-22,17-05-22
41320210414,23-05-22,24-05-22
41320210411,09-05-22,10-05-22
41320210411,16-05-22,17-05-22
41320210411,23-05-22,24-05-22
41320210412,11-05-22,12-05-22
41320210412,18-05-22,19-05-22
H0827,11-05-22,12-05-22
H0827,18-05-22,19-05-22
41320210450,11-05-22,12-05-22
41320210450,18-05-22,19-05-22
H0831,06-05-22,07-05-22
H0831,13-05-22,14-05-22
H0831,20-05-22,21-05-22
41320210413,06-05-22,07-05-22
41320210413,13-05-22,14-05-22
41320210413,20-05-22,21-05-22
H0607,09-05-22,10-05-22
H0607,16-05-22,17-05-22
H0607,23-05-22,24-05-22
41320210411,11-05-22,12-05-22
41320210411,18-05-22,19-05-22
H0826,11-05-22,12-05-22
H0826,18-05-22,19-05-22
H0823,06-05-22,07-05-22
H0823,13-05-22,14-05-22
H0823,20-05-22,21-05-22
41320210414,06-05-22,07-05-22
41320210414,13-05-22,14-05-22
41320210414,20-05-22,21-05-22
41320210450,07-05-22,08-05-22
41320210450,14-05-22,15-05-22
41320210450,21-05-22,22-05-22
H0827,07-05-22,08-05-22
H0827,14-05-22,15-05-22
H0827,21-05-22,22-05-22
41220180249,10-05-22,11-05-22
41220180249,17-05-22,18-05-22
H0831,10-05-22,11-05-22
H0831,17-05-22,18-05-22
H0573,09-05-22,10-05-22
H0573,16-05-22,17-05-22
H0573,23-05-22,24-05-22
H0573,11-05-22,12-05-22
H0573,18-05-22,19-05-22
H0573,06-05-22,07-05-22
H0573,13-05-22,14-05-22
H0573,20-05-22,21-05-22
H0822,10-05-22,11-05-22
H0822,17-05-22,18-05-22
H0822,12-05-22,13-05-22
H0822,19-05-22,20-05-22
H0822,07-05-22,08-05-22
H0822,14-05-22,15-05-22
H0822,21-05-22,22-05-22
H0661,10-05-22,11-05-22
H0661,17-05-22,18-05-22
H0661,12-05-22,13-05-22
H0661,19-05-22,20-05-22
H0661,07-05-22,08-05-22
H0661,14-05-22,15-05-22
H0661,21-05-22,22-05-22
H0573,10-05-22,11-05-22
H0573,17-05-22,18-05-22
41320190030,10-05-22,11-05-22
41320190030,17-05-22,18-05-22
H0573,12-05-22,13-05-22
H0573,19-05-22,20-05-22
H0319,12-05-22,13-05-22
H0319,19-05-22,20-05-22
H0688,10-05-22,11-05-22
H0688,17-05-22,18-05-22
H0688,12-05-22,13-05-22
H0688,19-05-22,20-05-22
H0688,07-05-22,08-05-22
H0688,14-05-22,15-05-22
H0688,21-05-22,22-05-22
H0125,10-05-22,11-05-22
H0125,17-05-22,18-05-22
H0125,12-05-22,13-05-22
H0125,19-05-22,20-05-22
H0125,07-05-22,08-05-22
H0125,14-05-22,15-05-22
H0125,21-05-22,22-05-22
H0410,09-05-22,10-05-22
H0410,16-05-22,17-05-22
H0410,23-05-22,24-05-22
H0410,11-05-22,12-05-22
H0410,18-05-22,19-05-22
H0410,06-05-22,07-05-22
H0410,13-05-22,14-05-22
H0410,20-05-22,21-05-22
H0767,09-05-22,10-05-22
H0767,16-05-22,17-05-22
H0767,23-05-22,24-05-22
H0767,11-05-22,12-05-22
H0767,18-05-22,19-05-22
H0767,06-05-22,07-05-22
H0767,13-05-22,14-05-22
H0767,20-05-22,21-05-22
H0755,10-05-22,11-05-22
H0755,17-05-22,18-05-22
H0755,12-05-22,13-05-22
H0755,19-05-22,20-05-22
H0755,07-05-22,08-05-22
H0755,14-05-22,15-05-22
H0755,21-05-22,22-05-22
H0140,10-05-22,11-05-22
H0140,17-05-22,18-05-22
H0140,12-05-22,13-05-22
H0140,19-05-22,20-05-22
H0140,07-05-22,08-05-22
H0140,14-05-22,15-05-22
H0140,21-05-22,22-05-22
H0604,10-05-22,11-05-22
H0604,17-05-22,18-05-22
H0604,12-05-22,13-05-22
H0604,19-05-22,20-05-22
H0604,07-05-22,08-05-22
H0604,14-05-22,15-05-22
H0604,21-05-22,22-05-22
H0473,10-05-22,11-05-22
H0473,17-05-22,18-05-22
H0473,12-05-22,13-05-22
H0473,19-05-22,20-05-22
H0473,07-05-22,08-05-22
H0473,14-05-22,15-05-22
H0473,21-05-22,22-05-22
H0768,12-05-22,13-05-22
H0768,19-05-22,20-05-22
H0768,07-05-22,08-05-22
H0768,14-05-22,15-05-22
H0768,21-05-22,22-05-22
H0499,10-05-22,11-05-22
H0499,17-05-22,18-05-22
H0499,12-05-22,13-05-22
H0499,19-05-22,20-05-22
H0499,07-05-22,08-05-22
H0499,14-05-22,15-05-22
H0499,21-05-22,22-05-22
41320190063,10-05-22,11-05-22
41320190063,17-05-22,18-05-22
41320200478,10-05-22,11-05-22
41320200478,17-05-22,18-05-22
41320210064,10-05-22,11-05-22
41320210064,17-05-22,18-05-22
41320210065,10-05-22,11-05-22
41320210065,17-05-22,18-05-22
41320210451,10-05-22,11-05-22
41320210451,17-05-22,18-05-22
41320190463,10-05-22,11-05-22
41320190463,17-05-22,18-05-22
41320190464,10-05-22,11-05-22
41320190464,17-05-22,18-05-22
41320210039,10-05-22,11-05-22
41320210039,17-05-22,18-05-22
41320200003,10-05-22,11-05-22
41320200003,17-05-22,18-05-22
41320200036,10-05-22,11-05-22
41320200036,17-05-22,18-05-22
41320200052,10-05-22,11-05-22
41320200052,17-05-22,18-05-22
41320200401,10-05-22,11-05-22
41320200401,17-05-22,18-05-22
41320200452,10-05-22,11-05-22
41320200452,17-05-22,18-05-22
H0384,10-05-22,11-05-22
H0384,17-05-22,18-05-22
H0384,12-05-22,13-05-22
H0384,19-05-22,20-05-22
H0384,07-05-22,08-05-22
H0384,14-05-22,15-05-22
H0384,21-05-22,22-05-22
H0678,10-05-22,11-05-22
H0678,17-05-22,18-05-22
H0678,12-05-22,13-05-22
H0678,19-05-22,20-05-22
H0678,07-05-22,08-05-22
H0678,14-05-22,15-05-22
H0678,21-05-22,22-05-22
H0117,09-05-22,10-05-22
H0117,16-05-22,17-05-22
H0117,23-05-22,24-05-22
H0117,11-05-22,12-05-22
H0117,18-05-22,19-05-22
H0117,06-05-22,07-05-22
H0117,13-05-22,14-05-22
H0117,20-05-22,21-05-22
H0103,09-05-22,10-05-22
H0103,16-05-22,17-05-22
H0103,23-05-22,24-05-22
H0103,11-05-22,12-05-22
H0103,18-05-22,19-05-22
H0103,06-05-22,07-05-22
H0103,13-05-22,14-05-22
H0103,20-05-22,21-05-22
41320210066,09-05-22,10-05-22
41320210066,16-05-22,17-05-22
41320210066,23-05-22,24-05-22
41320210066,11-05-22,12-05-22
41320210066,18-05-22,19-05-22
41320210066,06-05-22,07-05-22
41320210066,13-05-22,14-05-22
41320210066,20-05-22,21-05-22
H0006,09-05-22,10-05-22
H0006,16-05-22,17-05-22
H0006,23-05-22,24-05-22
H0006,11-05-22,12-05-22
H0006,18-05-22,19-05-22
H0006,06-05-22,07-05-22
H0006,13-05-22,14-05-22
H0006,20-05-22,21-05-22
H0766,09-05-22,10-05-22
H0766,16-05-22,17-05-22
H0766,23-05-22,24-05-22
H0766,11-05-22,12-05-22
H0766,18-05-22,19-05-22
H0766,06-05-22,07-05-22
H0766,13-05-22,14-05-22
H0766,20-05-22,21-05-22
H0114,09-05-22,10-05-22
H0114,16-05-22,17-05-22
H0114,23-05-22,24-05-22
H0114,11-05-22,12-05-22
H0114,18-05-22,19-05-22
H0114,06-05-22,07-05-22
H0114,13-05-22,14-05-22
H0114,20-05-22,21-05-22
H0674,09-05-22,10-05-22
H0674,16-05-22,17-05-22
H0674,23-05-22,24-05-22
H0674,11-05-22,12-05-22
H0674,18-05-22,19-05-22
H0674,06-05-22,07-05-22
H0674,13-05-22,14-05-22
H0674,20-05-22,21-05-22
H0378,09-05-22,10-05-22
H0378,16-05-22,17-05-22
H0378,23-05-22,24-05-22
H0378,11-05-22,12-05-22
H0378,18-05-22,19-05-22
H0378,06-05-22,07-05-22
H0378,13-05-22,14-05-22
H0378,20-05-22,21-05-22
41320200458,12-05-22,13-05-22
41320200458,19-05-22,20-05-22
41320190038,12-05-22,13-05-22
41320190038,19-05-22,20-05-22
41320200002,12-05-22,13-05-22
41320200002,19-05-22,20-05-22
41320200454,12-05-22,13-05-22
41320200454,19-05-22,20-05-22
,12-05-22,13-05-22
,19-05-22,20-05-22
41320180463,12-05-22,13-05-22
41320180463,19-05-22,20-05-22
41320190036,12-05-22,13-05-22
41320190036,19-05-22,20-05-22
41320190037,12-05-22,13-05-22
41320190037,19-05-22,20-05-22
41320190066,12-05-22,13-05-22
41320190066,19-05-22,20-05-22
41320180029,12-05-22,13-05-22
41320180029,19-05-22,20-05-22
41320190438,12-05-22,13-05-22
41320190438,19-05-22,20-05-22
41320200477,12-05-22,13-05-22
41320200477,19-05-22,20-05-22
41320210063,12-05-22,13-05-22
41320210063,19-05-22,20-05-22
H0490,07-05-22,08-05-22
H0490,14-05-22,15-05-22
H0490,21-05-22,22-05-22
H0711,10-05-22,11-05-22
H0711,17-05-22,18-05-22
41320190041,09-05-22,10-05-22
41320190041,16-05-22,17-05-22
41320190041,23-05-22,24-05-22
41320170024,09-05-22,10-05-22
41320170024,16-05-22,17-05-22
41320170024,23-05-22,24-05-22
41320190041,11-05-22,12-05-22
41320190041,18-05-22,19-05-22
41320170024,11-05-22,12-05-22
41320170024,18-05-22,19-05-22
41320210049,09-05-22,10-05-22
41320210049,16-05-22,17-05-22
41320210049,23-05-22,24-05-22
41320170021,11-05-22,12-05-22
41320170021,18-05-22,19-05-22
H0711,06-05-22,07-05-22
H0711,13-05-22,14-05-22
H0711,20-05-22,21-05-22
H0022,06-05-22,07-05-22
H0022,13-05-22,14-05-22
H0022,20-05-22,21-05-22
H0416,09-05-22,10-05-22
H0416,16-05-22,17-05-22
H0416,23-05-22,24-05-22
H0416,11-05-22,12-05-22
H0416,18-05-22,19-05-22
H0416,10-05-22,11-05-22
H0416,17-05-22,18-05-22
H0416,12-05-22,13-05-22
H0416,19-05-22,20-05-22
41320210432,10-05-22,11-05-22
41320210432,17-05-22,18-05-22
41320190450,10-05-22,11-05-22
41320190450,17-05-22,18-05-22
41320180040,10-05-22,11-05-22
41320180040,17-05-22,18-05-22
41320180040,09-05-22,10-05-22
41320180040,16-05-22,17-05-22
41320180040,23-05-22,24-05-22
41320210432,09-05-22,10-05-22
41320210432,16-05-22,17-05-22
41320210432,23-05-22,24-05-22
41320190450,09-05-22,10-05-22
41320190450,16-05-22,17-05-22
41320190450,23-05-22,24-05-22
H0416,06-05-22,07-05-22
H0416,13-05-22,14-05-22
H0416,20-05-22,21-05-22
H0416,07-05-22,08-05-22
H0416,14-05-22,15-05-22
H0416,21-05-22,22-05-22
H0008,11-05-22,12-05-22
H0008,18-05-22,19-05-22
H0008,06-05-22,07-05-22
H0008,13-05-22,14-05-22
H0008,20-05-22,21-05-22
H0218,11-05-22,12-05-22
H0218,18-05-22,19-05-22
H0218,06-05-22,07-05-22
H0218,13-05-22,14-05-22
H0218,20-05-22,21-05-22
H0008,10-05-22,11-05-22
H0008,17-05-22,18-05-22
H0008,12-05-22,13-05-22
H0008,19-05-22,20-05-22
H0218,10-05-22,11-05-22
H0218,17-05-22,18-05-22
H0218,12-05-22,13-05-22
H0218,19-05-22,20-05-22
41220180244,12-05-22,13-05-22
41220180244,19-05-22,20-05-22
41320190454,12-05-22,13-05-22
41320190454,19-05-22,20-05-22
41320210429,12-05-22,13-05-22
41320210429,19-05-22,20-05-22
41320210431,12-05-22,13-05-22
41320210431,19-05-22,20-05-22
41320210431,11-05-22,12-05-22
41320210431,18-05-22,19-05-22
41320190454,11-05-22,12-05-22
41320190454,18-05-22,19-05-22
41220180244,11-05-22,12-05-22
41220180244,18-05-22,19-05-22
41320210429,11-05-22,12-05-22
41320210429,18-05-22,19-05-22
H0218,07-05-22,08-05-22
H0218,14-05-22,15-05-22
H0218,21-05-22,22-05-22
H0008,07-05-22,08-05-22
H0008,14-05-22,15-05-22
H0008,21-05-22,22-05-22
H0736,12-05-22,13-05-22
H0736,19-05-22,20-05-22
41320200050,12-05-22,13-05-22
41320200050,19-05-22,20-05-22
H0136,10-05-22,11-05-22
H0136,17-05-22,18-05-22
41320210433,10-05-22,11-05-22
41320210433,17-05-22,18-05-22
H0136,07-05-22,08-05-22
H0136,14-05-22,15-05-22
H0136,21-05-22,22-05-22
41320210434,07-05-22,08-05-22
41320210434,14-05-22,15-05-22
41320210434,21-05-22,22-05-22
41320180460,10-05-22,11-05-22
41320180460,17-05-22,18-05-22
H0095,10-05-22,11-05-22
H0095,17-05-22,18-05-22
41320210062,10-05-22,11-05-22
41320210062,17-05-22,18-05-22
41320180458,11-05-22,12-05-22
41320180458,18-05-22,19-05-22
41320190458,11-05-22,12-05-22
41320190458,18-05-22,19-05-22
H0095,11-05-22,12-05-22
H0095,18-05-22,19-05-22
41320200474,07-05-22,08-05-22
41320200474,14-05-22,15-05-22
41320200474,21-05-22,22-05-22
H0095,07-05-22,08-05-22
H0095,14-05-22,15-05-22
H0095,21-05-22,22-05-22
41320200473,07-05-22,08-05-22
41320200473,14-05-22,15-05-22
41320200473,21-05-22,22-05-22
H0136,12-05-22,13-05-22
H0136,19-05-22,20-05-22
41320210062,12-05-22,13-05-22
41320210062,19-05-22,20-05-22
41320180460,12-05-22,13-05-22
41320180460,19-05-22,20-05-22
H0136,11-05-22,12-05-22
H0136,18-05-22,19-05-22
41320200473,06-05-22,07-05-22
41320200473,13-05-22,14-05-22
41320200473,20-05-22,21-05-22
H0136,06-05-22,07-05-22
H0136,13-05-22,14-05-22
H0136,20-05-22,21-05-22
41320200474,06-05-22,07-05-22
41320200474,13-05-22,14-05-22
41320200474,20-05-22,21-05-22
H0015,10-05-22,11-05-22
H0015,17-05-22,18-05-22
H0015,12-05-22,13-05-22
H0015,19-05-22,20-05-22
H0015,07-05-22,08-05-22
H0015,14-05-22,15-05-22
H0015,21-05-22,22-05-22
H0013,10-05-22,11-05-22
H0013,17-05-22,18-05-22
H0013,12-05-22,13-05-22
H0013,19-05-22,20-05-22
H0013,07-05-22,08-05-22
H0013,14-05-22,15-05-22
H0013,21-05-22,22-05-22
H0324,09-05-22,10-05-22
H0324,16-05-22,17-05-22
H0324,23-05-22,24-05-22
H0324,11-05-22,12-05-22
H0324,18-05-22,19-05-22
H0324,06-05-22,07-05-22
H0324,13-05-22,14-05-22
H0324,20-05-22,21-05-22
H0078,09-05-22,10-05-22
H0078,16-05-22,17-05-22
H0078,23-05-22,24-05-22
H0078,11-05-22,12-05-22
H0078,18-05-22,19-05-22
H0078,06-05-22,07-05-22
H0078,13-05-22,14-05-22
H0078,20-05-22,21-05-22
H0736,10-05-22,11-05-22
H0736,17-05-22,18-05-22
H0104,10-05-22,11-05-22
H0104,17-05-22,18-05-22
H0104,12-05-22,13-05-22
H0104,19-05-22,20-05-22
H0104,09-05-22,10-05-22
H0104,16-05-22,17-05-22
H0104,23-05-22,24-05-22
H0104,11-05-22,12-05-22
H0104,18-05-22,19-05-22
H0324,10-05-22,11-05-22
H0324,17-05-22,18-05-22
H0324,12-05-22,13-05-22
H0324,19-05-22,20-05-22
H0078,10-05-22,11-05-22
H0078,17-05-22,18-05-22
H0078,12-05-22,13-05-22
H0078,19-05-22,20-05-22
H0817,10-05-22,11-05-22
H0817,17-05-22,18-05-22
H0817,12-05-22,13-05-22
H0817,19-05-22,20-05-22
H0817,07-05-22,08-05-22
H0817,14-05-22,15-05-22
H0817,21-05-22,22-05-22
H0817,09-05-22,10-05-22
H0817,16-05-22,17-05-22
H0817,23-05-22,24-05-22
H0817,11-05-22,12-05-22
H0817,18-05-22,19-05-22
H0817,06-05-22,07-05-22
H0817,13-05-22,14-05-22
H0817,20-05-22,21-05-22
H0538,09-05-22,10-05-22
H0538,16-05-22,17-05-22
H0538,23-05-22,24-05-22
H0538,11-05-22,12-05-22
H0538,18-05-22,19-05-22
H0538,06-05-22,07-05-22
H0538,13-05-22,14-05-22
H0538,20-05-22,21-05-22
H0538,12-05-22,13-05-22
H0538,19-05-22,20-05-22
H0284,10-05-22,11-05-22
H0284,17-05-22,18-05-22
H0284,12-05-22,13-05-22
H0284,19-05-22,20-05-22
H0284,07-05-22,08-05-22
H0284,14-05-22,15-05-22
H0284,21-05-22,22-05-22
