H0002,3
H0004,2
H0005,2
H0006,3
H0008,2
H0009,2
H0010,2
H0011,3
H0013,1
H0014,2
H0015,0
H0017,3
H0022,2
H0025,2
H0031,3
H0046,1
H0048,2
H0053,3
H0068,2
H0071,1
H0078,2
H0079,3
H0089,3
H0090,1
H0091,3
H0093,1
H0095,3
H0101,3
H0103,1
H0104,3
H0114,3
H0117,2
H0118,3
H0125,1
H0127,2
H0131,2
H0136,1
H0140,3
H0141,3
H0145,2
H0146,3
H0148,3
H0149,3
H0161,1
H0162,3
H0166,3
H0177,3
H0184,2
H0190,2
H0202,2
H0205,2
H0207,2
H0208,3
H0216,2
H0218,1
H0220,2
H0226,2
H0228,3
H0230,2
H0235,2
H0245,2
H0250,2
H0263,3
H0283,3
H0284,2
H0285,3
H0287,3
H0289,1
H0290,3
H0292,3
H0296,3
H0305,2
H0313,2
H0317,3
H0318,2
H0319,2
H0322,3
H0324,3
H0327,2
H0329,3
H0330,2
H0333,2
H0344,1
H0354,2
H0355,3
H0356,2
H0357,3
H0360,3
H0375,2
H0377,3
H0378,3
H0380,1
H0384,2
H0388,3
H0397,3
H0406,3
H0410,1
H0411,3
H0416,1
H0417,2
H0423,2
H0424,3
H0429,3
H0431,3
H0438,2
H0469,3
H0470,3
H0471,2
H0473,3
H0475,2
H0476,3
H0477,2
H0481,2
H0483,3
H0486,3
H0488,3
H0490,2
H0498,3
H0499,3
H0500,2
H0502,3
H0503,3
H0516,3
H0518,3
H0520,3
H0528,3
H0529,3
H0535,3
H0537,3
H0538,2
H0547,2
H0549,3
H0550,3
H0557,3
H0558,3
H0561,3
H0564,2
H0565,1
H0566,3
H0568,3
H0573,2
H0576,1
H0579,2
H0580,3
H0581,2
H0583,2
H0593,1
H0595,3
H0598,2
H0602,3
H0604,3
H0605,2
H0606,3
H0607,2
H0608,3
H0609,2
H0613,2
H0618,3
H0620,3
H0622,3
H0623,3
H0624,2
H0631,2
H0632,3
H0633,3
H0636,2
H0638,2
H0640,3
H0648,3
H0649,2
H0650,3
H0657,2
H0658,3
H0659,3
H0660,2
H0661,3
H0662,3
H0666,2
H0669,3
H0670,3
H0672,1
H0674,3
H0676,3
H0678,2
H0680,2
H0682,3
H0687,3
H0688,2
H0689,3
H0698,3
H0699,3
H0700,3
H0702,3
H0703,3
H0704,3
H0709,2
H0710,3
H0711,3
H0712,2
H0713,3
H0718,3
H0719,3
H0726,3
H0729,2
H0731,3
H0736,1
H0748,2
H0749,2
H0750,2
H0751,3
H0752,2
H0753,3
H0754,3
H0755,3
H0759,2
H0760,2
H0761,3
H0763,2
H0764,3
H0766,3
H0767,2
H0768,3
H0769,2
H0770,3
H0771,2
H0772,2
H0773,2
H0774,3
H0775,3
H0776,1
H0778,2
H0783,3
H0785,1
H0787,3
H0790,3
H0794,2
H0808,1
H0812,1
H0817,2
H0820,3
H0822,3
H0823,3
H0824,3
H0825,0
H0826,2
H0827,2
H0828,3
H0831,2
H0836,3
H0833,3
H0838,3
41320160001,2
41320170001,2
41320170002,2
41320170005,2
41320170006,2
41320170007,1
41320170009,2
41320170010,2
41320170011,1
41320170016,2
41320170017,2
41320170018,2
41320170021,2
41320170024,1
41320170026,2
41320170027,2
41320170403,2
41320170404,2
41320170406,2
41320170408,2
41320170413,2
41320170415,2
41320170417,2
41320170420,2
41320170421,2
41320170422,2
41320170425,2
41320170426,1
41320170427,2
41320170430,2
41320170433,2
41320170435,2
41320170437,2
41320170438,2
41320170439,2
41320170441,2
41320170442,2
41320170444,2
41320170445,2
41320170446,2
41320180001,2
41320180002,2
41320180004,1
41320180007,2
41320180008,2
41320180009,2
41320180011,2
41320180012,2
41320180014,2
41320180015,2
41320180017,2
41320180019,1
41320180021,2
41320180023,2
41320180024,2
41320180028,2
41320180029,1
41320180033,2
41320180035,2
41320180036,2
41320180037,2
41320180038,2
41320180039,2
41320180040,1
41320180042,2
41220160006,2
41320180043,2
41320180400,2
41320180404,2
41320180408,2
41320180409,2
41320180410,2
41320180411,2
41320180412,2
41320180413,2
41320180414,1
41320180415,2
41320180416,1
41320180420,2
41320180421,2
41320180423,2
41320180425,2
41320180429,2
41320180431,2
41320180433,2
41320180434,2
41320180436,2
41320180437,2
41320180438,2
41320180439,2
41320180440,2
41320180442,2
41320180444,2
41320180445,2
41320180446,2
41320180447,3
41320180448,2
41320180449,2
41320180450,2
41320180454,2
41320180455,2
41320180456,2
41320180458,2
41320180459,2
41320180460,2
41320180462,2
41320180463,1
41320180464,1
41320180465,2
41220170024,2
41220170103,2
41220170015,2
41320190001,2
41320190003,2
41320190004,1
41320190005,2
41320190008,2
41320190011,2
41320190012,3
41320190014,2
41320190015,2
41320190016,2
41320190019,2
41320190020,2
41320190026,2
41320190027,2
41320190029,2
41320190030,1
41320190036,1
41320190037,1
41320190038,2
41320190040,2
41320190041,1
41320190042,2
41320190045,2
41320190047,2
41320190048,2
41320190049,2
41320190050,2
41320190051,3
41320190052,2
41320190053,3
41320190054,3
41320190055,3
41320190057,3
41320190058,3
41320190059,2
41320190060,3
41320190061,3
41320190063,1
41320190064,3
41320190065,3
41320190066,1
41320190402,3
41320190403,3
41320190405,2
41320190406,3
41320190407,3
41320190408,3
41320190409,2
41320190410,3
41320190411,2
41320190413,3
41320190414,3
41320190415,3
41320190416,3
41320190417,2
41320190418,2
41320190419,2
41320190420,3
41320190422,3
41320190423,2
41320190424,2
41320190426,2
41320190427,2
41320190428,2
41320190430,3
41320190431,3
41320190432,3
41320190433,3
41320190436,2
41320190438,2
41320190439,2
41320190440,3
41320190441,3
41320190443,3
41320190444,3
41320190445,3
41320190446,3
41320190448,3
41320190449,3
41320190450,2
41320190451,3
41320190452,3
41320190453,3
41320190454,2
41320190455,3
41320190457,3
41320190458,2
41320190459,2
41320190460,2
41320190504,3
41320190462,3
41320190463,2
41320190464,2
41320190465,2
41220180009,2
41220180236,2
41220180244,1
41220180249,2
41320200002,2
41320200003,2
41320200004,3
41320200005,3
41320200006,3
41320200007,3
41320200008,3
41320200009,3
41320200010,3
41320200012,3
41320200013,3
41320200015,2
41320200016,2
41320200017,2
41320200019,3
41320200021,3
41320200023,2
41320200026,3
41320200027,3
41320200028,3
41320200029,2
41320200034,2
41320200035,2
41320200036,2
41320200038,2
41320200039,2
41320200040,3
41320200041,3
41320200042,3
41320200043,3
41320200045,3
41320200047,3
41320200048,3
41320200049,3
41320200050,2
41320200052,2
41320200053,2
41320200055,3
41320200056,3
41320200058,2
41320200059,2
41320200060,2
41320200400,3
41320200401,2
41320200404,3
41320200407,3
41320200408,3
41320200410,3
41320200411,3
41320200413,3
41320200414,2
41320200415,2
41320200416,3
41320200417,3
41320200418,3
41320200419,3
41320200420,3
41320200424,3
41320200425,3
41320200426,2
41320200427,3
41320200428,3
41320200429,3
41320200430,3
41320200431,3
41320200432,2
41320200433,3
41320200434,3
41320200437,3
41320200440,3
41320200441,3
41320200443,3
41320200447,2
41320200450,2
41320200452,2
41320200454,2
41320200455,2
41320200457,2
41320200458,2
41320200459,2
41320200460,3
41320200462,3
41320200464,3
41320200465,3
41320200469,3
41320200470,3
41320200471,3
41320200472,2
41320200473,3
41320200474,3
41320200475,2
41320200476,3
41320200477,2
41320200478,2
41320210001,3
41320210003,3
41320210004,3
41320210005,3
41320210007,3
41320210008,3
41320210011,2
41320210012,3
41320210013,3
41320210014,2
41320210015,1
41320210016,2
41320210017,3
41320210018,2
41320210019,2
41320210020,3
41320210021,3
41320210022,3
41320210023,2
41320210024,3
41320210025,3
41320210026,2
41320210027,3
41320210028,3
41320210029,3
41320210030,3
41320210031,3
41320210032,3
41320210033,3
41320210034,3
41320210035,3
41320210036,3
41320210037,3
41320210039,2
41320210040,2
41320210042,2
41320210043,2
41320210044,2
41320210045,3
41320210046,3
41320210047,3
41320210048,2
41320210049,3
41320210050,3
41320210051,3
41320210052,2
41320210053,3
41320210054,2
41320210055,3
41320210057,3
41320210058,3
41220190580,2
41320210060,2
41320210061,3
41320210062,2
41320210063,2
41320210064,2
41320210065,2
41320210066,2
41320210401,2
41320210402,3
41320210403,2
41320210405,3
41320210406,3
41320210407,3
41320210408,3
41320210409,3
41320210410,2
41320210438,2
41320210437,3
41320210411,1
41320210412,2
41320210414,2
41320210436,2
41320210415,3
41320210416,3
41320210417,3
41320210418,3
41320210419,2
41320210420,2
41320210421,2
41320210422,2
41320210423,2
41320210424,2
41320210425,2
41320210443,2
41320210426,3
41320210427,3
41320210428,3
41320210439,3
41320210429,2
41320210430,3
41320210431,2
41320210435,3
41320210432,2
41320210440,3
41320210433,2
41320210434,2
41320210441,2
41320210442,3
41320210444,3
41320210445,3
41320210446,2
41320210447,3
41320210448,2
41320210449,2
41320210450,2
41320210451,3
41320210452,3
